Authors,Author(s) ID,Title,Year,Source title,Volume,Issue,Art. No.,Page start,Page end,Page count,Cited by,DOI,Link,Document Type,Publication Stage,Open Access,Source,EID
"Grabner, M., Nithyanandan, K., Peterka, P., Koska, P., Jasim, A.A., Honzatko, P.","57217573502;36246432800;6602769922;55644355900;57212397480;6602116389;","Simulations of Pump Absorption in Tandem-Pumped Octagon Double-Clad Fibers",2021,"IEEE Photonics Journal","13","2", 9360441,"","",,,"10.1109/JPHOT.2021.3060857","https://www.scopus.com/inward/record.uri?eid=2-s2.0-85101780051&doi=10.1109%2fJPHOT.2021.3060857&partnerID=40&md5=61016e2c4be2a3186b82bb56cceb36d2",Article,"Final","All Open Access, Bronze",Scopus,2-s2.0-85101780051
"Todorov, F., Aubrecht, J., Peterka, P., Schreiber, O., Jasim, A.A., Mrázek, J., Podrazký, O., Kamrádek, M., Kanagaraj, N., Grábner, M., Baravets, Y., Cajzl, J., Koška, P., Fišar, A., Kašík, I., Honzátko, P.","12345187800;22978680900;6602769922;57219924114;57212397480;57204821792;22981226900;55578827600;36246432800;57217573502;55767669600;54384782700;55644355900;57219926942;7004504748;6602116389;","Active optical fibers and components for fiber lasers emitting in the 2-µm spectral range",2020,"Materials","13","22", 5177,"1","15",,3,"10.3390/ma13225177","https://www.scopus.com/inward/record.uri?eid=2-s2.0-85096144210&doi=10.3390%2fma13225177&partnerID=40&md5=9bba31d8c2962697b807e705e2c3e1b0",Article,"Final","All Open Access, Gold, Green",Scopus,2-s2.0-85096144210
"Sharafali, A., Nithyanandan, K.","56367906600;36246432800;","A theoretical study on the supercontinuum generation in a novel suspended liquid core photonic crystal fiber",2020,"Applied Physics B: Lasers and Optics","126","4", 55,"","",,3,"10.1007/s00340-020-7403-9","https://www.scopus.com/inward/record.uri?eid=2-s2.0-85081118747&doi=10.1007%2fs00340-020-7403-9&partnerID=40&md5=0e7b05198d509b8bd2bcea05637bcf09",Article,"Final","All Open Access, Green",Scopus,2-s2.0-85081118747
"Grábner, M., Nithyanandan, K., Peterka, P., Koška, P., Honzátko, P., Jasim, A.A.","57217573502;36246432800;6602769922;55644355900;6602116389;57212397480;","Numerical modelling of pump absorption in coiled and twisted double-clad fiber: A prospect for tandem pumped fiber laser",2020,"Proceedings of SPIE - The International Society for Optical Engineering","11355",, 113550W,"","",,2,"10.1117/12.2557230","https://www.scopus.com/inward/record.uri?eid=2-s2.0-85085176476&doi=10.1117%2f12.2557230&partnerID=40&md5=7f2795e9ed5f2346f00404c5e3458948",Conference Paper,"Final","",Scopus,2-s2.0-85085176476
"Wang, Z.Q., Nithyanandan, K., Coillet, A., Tchofo-Dinda, P., Grelu, P.","56448591700;36246432800;26530475400;6604078297;6602757933;","Optical soliton molecular complexes in a passively mode-locked fibre laser",2019,"Nature Communications","10","1", 830,"","",,65,"10.1038/s41467-019-08755-4","https://www.scopus.com/inward/record.uri?eid=2-s2.0-85061869309&doi=10.1038%2fs41467-019-08755-4&partnerID=40&md5=7ff77e54a0a21a3b246478666805c353",Article,"Final","All Open Access, Gold, Green",Scopus,2-s2.0-85061869309
"Duran, V., De Chatellus, H.G., Schnebelin, C., Nithyanandan, K., Djevarhidjian, L., Clement, J., Fernandez-Pousa, C.R.","7004082718;24072741200;56347323200;36246432800;57202733578;56941379000;6603683357;","Optical Frequency Combs Generated by Acousto-Optic Frequency-Shifting Loops",2019,"IEEE Photonics Technology Letters","31","23", 8871215,"1878","1881",,4,"10.1109/LPT.2019.2947655","https://www.scopus.com/inward/record.uri?eid=2-s2.0-85077227819&doi=10.1109%2fLPT.2019.2947655&partnerID=40&md5=9591bd96f19b38e9b596849b1ab9763b",Article,"Final","All Open Access, Green",Scopus,2-s2.0-85077227819
"Triki, H., Porsezian, K., Senthilnathan, K., Nithyanandan, K.","56259534300;35561975500;6603370481;36246432800;","Chirped self-similar solitary waves for the generalized nonlinear Schrödinger equation with distributed two-power-law nonlinearities",2019,"Physical Review E","100","4", 042208,"","",,,"10.1103/PhysRevE.100.042208","https://www.scopus.com/inward/record.uri?eid=2-s2.0-85073826541&doi=10.1103%2fPhysRevE.100.042208&partnerID=40&md5=66c30a271ba6f5a7352f4345c4bff3c9",Article,"Final","",Scopus,2-s2.0-85073826541
"Nithyanandan, K., Sharafali, A., Peterka, P.","36246432800;56367906600;6602769922;","A theoretical study on the continuum generation in a defective core photonic crystal fiber",2019,"Advanced Solid State Lasers - Proceedings Laser Congress 2019 (ASSL, LAC, LS and C)",,,,"","",,,,"https://www.scopus.com/inward/record.uri?eid=2-s2.0-85086287919&partnerID=40&md5=af2bf11a2fc4e57ce24bd19555850edd",Conference Paper,"Final","",Scopus,2-s2.0-85086287919
"Kanagaraj, N., Theodosiou, A., Aubrecht, J., Peterka, P., Kamradek, M., Kalli, K., Kasik, I., Honzatko, P.","36246432800;56541357000;22978680900;6602769922;55578827600;7004133189;7004504748;6602116389;","All fiber mode-locked thulium-doped fiber laser using a novel femtosecond-laser-inscribed 45°-plane-by-plane-tilted fiber grating",2019,"Laser Physics Letters","16","9", 095104,"","",,5,"10.1088/1612-202X/ab39db","https://www.scopus.com/inward/record.uri?eid=2-s2.0-85075800902&doi=10.1088%2f1612-202X%2fab39db&partnerID=40&md5=bcfc9eec9f0a86fca5b4a2b09e63574a",Article,"Final","",Scopus,2-s2.0-85075800902
"Sharafali, A., Nithyanandan, K.","56367906600;36246432800;","Ultra-broadband continuum generation in silica based defective core photonic crystal fiber",2019,"Optik","191",,,"121","131",,4,"10.1016/j.ijleo.2019.06.014","https://www.scopus.com/inward/record.uri?eid=2-s2.0-85067082938&doi=10.1016%2fj.ijleo.2019.06.014&partnerID=40&md5=9bdf979f25fdc5184c7cc4a8aff746d5",Article,"Final","",Scopus,2-s2.0-85067082938
"Musammil, N.M., Subha, P.A., Nithyanandan, K.","55813729600;15846997000;36246432800;","Phase dynamics of inhomogeneous Manakov vector solitons",2019,"Physical Review E","100","1", 012213,"","",,2,"10.1103/PhysRevE.100.012213","https://www.scopus.com/inward/record.uri?eid=2-s2.0-85070094450&doi=10.1103%2fPhysRevE.100.012213&partnerID=40&md5=5b99c081dba8cd554aff886780307ad2",Article,"Final","",Scopus,2-s2.0-85070094450
"Peterka, P., Koška, P., Jasim, A.A., Kanagaraj, N., Aubrecht, J., Kamrádek, M., Podrazký, O., Todorov, F., Kašik, I., Honzátko, P.","6602769922;55644355900;57212397480;36246432800;22978680900;55578827600;22981226900;12345187800;7004504748;6602116389;","Enhanced pump absorption efficiency in coiled and twisted double-clad fibers for fiber lasers",2019,"International Conference on Transparent Optical Networks","2019-July",, 8840274,"","",,,"10.1109/ICTON.2019.8840274","https://www.scopus.com/inward/record.uri?eid=2-s2.0-85073075373&doi=10.1109%2fICTON.2019.8840274&partnerID=40&md5=699ff9a3293fede0be28c289c8404a94",Conference Paper,"Final","",Scopus,2-s2.0-85073075373
"Igbonacho, J., Nithyanandan, K., Krupa, K., Dinda, P.T., Grelu, P., Moubissi, A.B.","57202317976;36246432800;23467266100;7006032810;6602757933;6603251331;","Dynamics of distorted and undistorted soliton molecules in a mode-locked fiber laser",2019,"Physical Review A","99","6", 063824,"","",,9,"10.1103/PhysRevA.99.063824","https://www.scopus.com/inward/record.uri?eid=2-s2.0-85068261215&doi=10.1103%2fPhysRevA.99.063824&partnerID=40&md5=77f1d9c3a37e686133d662d2526d421f",Article,"Final","",Scopus,2-s2.0-85068261215
"Nithyanandan, K., Djevarhidjian, L., Duran, V., Schnébelin, C., De Chatellus, H.G.","36246432800;57202733578;7004082718;56347323200;24072741200;","Optimization of acousto-optic frequency combs",2019,"2019 Conference on Lasers and Electro-Optics Europe and European Quantum Electronics Conference, CLEO/Europe-EQEC 2019",,, 8871928,"","",,,"10.1109/CLEOE-EQEC.2019.8871928","https://www.scopus.com/inward/record.uri?eid=2-s2.0-85074673215&doi=10.1109%2fCLEOE-EQEC.2019.8871928&partnerID=40&md5=6ed98ddd18c023de340f2b12b1bca17f",Conference Paper,"Final","",Scopus,2-s2.0-85074673215
"Kanagaraj, N., Wang, Z., Coillet, A., Tchofo-Dinda, P., Grelu, P.","36246432800;57212119488;26530475400;6604078297;6602757933;","Buildup of noise-like pulses in ultrafast fiber lasers",2019,"2019 Conference on Lasers and Electro-Optics Europe and European Quantum Electronics Conference, CLEO/Europe-EQEC 2019",,, 8872466,"","",,,"10.1109/CLEOE-EQEC.2019.8872466","https://www.scopus.com/inward/record.uri?eid=2-s2.0-85074640667&doi=10.1109%2fCLEOE-EQEC.2019.8872466&partnerID=40&md5=fdb2090da8cde43eefc35254bdd8b655",Conference Paper,"Final","",Scopus,2-s2.0-85074640667
"Theodosiou, A., Aubrecht, J., Kanagaraj, N., Peterka, P., Kalli, K., Kašík, I., Honzátko, P.","56541357000;22978680900;36246432800;6602769922;7004133189;7004504748;6602116389;","All-fiber mode-locked thulium doped fiber laser using a novel femtosecond laser inscribed 45° tilted fiber grating",2019,"2019 Conference on Lasers and Electro-Optics Europe and European Quantum Electronics Conference, CLEO/Europe-EQEC 2019",,, 8871737,"","",,,"10.1109/CLEOE-EQEC.2019.8871737","https://www.scopus.com/inward/record.uri?eid=2-s2.0-85074645321&doi=10.1109%2fCLEOE-EQEC.2019.8871737&partnerID=40&md5=9f69cae57013e2d5c4cf2848fbb97f83",Conference Paper,"Final","",Scopus,2-s2.0-85074645321
"Moubissi, A.-B., Ekogo, T.B., Moussambi Membetsi, Z.H., Nithyanandan, K., Nse Biyoghé, S.","6603251331;25621281200;57208643222;36246432800;57195312191;","Energy diagram and stability range of families of soliton molecules in fibers",2019,"Optical and Quantum Electronics","51","5", 160,"","",,1,"10.1007/s11082-019-1855-3","https://www.scopus.com/inward/record.uri?eid=2-s2.0-85065396508&doi=10.1007%2fs11082-019-1855-3&partnerID=40&md5=2c5443a15e6b785f208a1cda156dda2b",Article,"Final","",Scopus,2-s2.0-85065396508
"Kumar, M., Nithyanandan, K., Triki, H., Porsezian, K.","57195633542;36246432800;56259534300;35561975500;","Instabilities and solitons in systems with spatio-temporal dispersions and non paraxial approximations",2019,"Optik","182",,,"1120","1130",,1,"10.1016/j.ijleo.2019.02.017","https://www.scopus.com/inward/record.uri?eid=2-s2.0-85061559908&doi=10.1016%2fj.ijleo.2019.02.017&partnerID=40&md5=16b9c0960f5f5d9a0238d54d396cc518",Article,"Final","",Scopus,2-s2.0-85061559908
"Sharafali, A., Nithyanandan, K., Porsezian, K.","56367906600;36246432800;35561975500;","Self-similar pulse compression by defective core photonic crystal fiber with cubic–quintic nonlinearities",2019,"Optik","178",,,"591","601",,6,"10.1016/j.ijleo.2018.09.183","https://www.scopus.com/inward/record.uri?eid=2-s2.0-85054797149&doi=10.1016%2fj.ijleo.2018.09.183&partnerID=40&md5=0e981bce59b2880c76ea1f7f73d01c30",Article,"Final","",Scopus,2-s2.0-85054797149
"Nithyanandan, K., Sharafali, A.","36246432800;56367906600;","Pulse compression in defective core photonic crystal fiber",2019,"Proceedings of SPIE - The International Society for Optical Engineering","11029",, 110290M,"","",,,"10.1117/12.2522280","https://www.scopus.com/inward/record.uri?eid=2-s2.0-85071984116&doi=10.1117%2f12.2522280&partnerID=40&md5=8073d441316d0c6fa2264c8013fde6dd",Conference Paper,"Final","",Scopus,2-s2.0-85071984116
"Nithyanandan, K., Sharafali, A., Peterka, P.","36246432800;56367906600;6602769922;","A theoretical study on the continuum generation in a defective core photonic crystal fiber",2019,"Optics InfoBase Conference Papers","Part F139-ASSL 2019",, JTh3A.48,"","",,,"10.1364/ASSL.2019.JTh3A.48","https://www.scopus.com/inward/record.uri?eid=2-s2.0-85084557249&doi=10.1364%2fASSL.2019.JTh3A.48&partnerID=40&md5=93127f54deeef3698bd1e2d7c3efde37",Conference Paper,"Final","",Scopus,2-s2.0-85084557249
"Nithyanandan, K., Djevarhidjian, L., Duran, V., Schnébelin, C., Guillet de Chatellus, H.","36246432800;57202733578;7004082718;56347323200;6603429961;","Optimization of acousto-optic frequency combs",2019,"Optics InfoBase Conference Papers","Part F143-EQEC 2019",, 2019-ed_p_10,"","",,,,"https://www.scopus.com/inward/record.uri?eid=2-s2.0-85084604096&partnerID=40&md5=b626a4f88f698efac682fbd0e5785e3a",Conference Paper,"Final","",Scopus,2-s2.0-85084604096
"Kanagaraj, N., Wang, Z., Coillet, A., Tchofo-Dinda, P., Grelu, P.","36246432800;57218257953;26530475400;6604078297;6602757933;","Buildup of noise-like pulses in ultrafast fiber lasers",2019,"Optics InfoBase Conference Papers","Part F143-EQEC 2019",, 2019-ef_9_3,"","",,,,"https://www.scopus.com/inward/record.uri?eid=2-s2.0-85084557411&partnerID=40&md5=7c9d8186f93dfff02b3c88157a57e0db",Conference Paper,"Final","",Scopus,2-s2.0-85084557411
"Kanagaraj, N., Wang, Z., Coillet, A., Tchofo-Dinda, P., Grelu, P.","36246432800;56448591700;26530475400;6604078297;6602757933;","Optical soliton molecular complexes in ultrafast fiber lasers",2019,"Optics InfoBase Conference Papers","Part F143-EQEC 2019",, 2019-ef_6_1,"","",,,,"https://www.scopus.com/inward/record.uri?eid=2-s2.0-85084532293&partnerID=40&md5=04a9e224bbd255e0f3c309fad5e88334",Conference Paper,"Final","",Scopus,2-s2.0-85084532293
"Kanagaraj, N., Djevarhidjian, L., Duran, V., Schnebelin, C., De Chatellus, H.G.","36246432800;57202733578;7004082718;56347323200;24072741200;","Optimization of acousto-optic optical frequency combs",2019,"Optics Express","27","10",,"14842","14852",,8,"10.1364/OE.27.014842","https://www.scopus.com/inward/record.uri?eid=2-s2.0-85065831030&doi=10.1364%2fOE.27.014842&partnerID=40&md5=c783d95b5b9cf326a4bdfdf7b2d75bb5",Article,"Final","All Open Access, Bronze, Green",Scopus,2-s2.0-85065831030
"Theodosiou, A., Aubrecht, J., Kanagaraj, N., Peterka, P., Kalli, K., Kašík, I., Honzátko, P.","56541357000;22978680900;36246432800;6602769922;7004133189;7004504748;6602116389;","All-fiber mode-locked thulium doped fiber laser using a novel femtosecond laser inscribed 450 tilted fiber grating",2019,"Optics InfoBase Conference Papers","Part F140-CLEO_Europe 2019",, 2019-cf_p_28,"","",,,,"https://www.scopus.com/inward/record.uri?eid=2-s2.0-85084560189&partnerID=40&md5=7baa8e3fe704f46125ab6b7af6b5b5c7",Conference Paper,"Final","",Scopus,2-s2.0-85084560189
"Bosch, V.D., Djevarhidjian, L., Schnebelin, C., Nithyanandan, K., Kassi, S., Mejean, G., Romanini, D., De Chatellus, H.G.","57203654081;57202733578;56347323200;36246432800;6602332937;6602982434;7004166308;24072741200;","Self-heterodyne and dual-comb spectroscopy using acousto-optic frequency combs",2018,"2018 Conference on Lasers and Electro-Optics, CLEO 2018 - Proceedings",,, 8426311,"","",,,,"https://www.scopus.com/inward/record.uri?eid=2-s2.0-85052575571&partnerID=40&md5=bb4465906c6012dcb107e26887564258",Conference Paper,"Final","",Scopus,2-s2.0-85052575571
"Kumar, M., Nithyanandan, K., Porsezian, K.","57195633542;36246432800;35561975500;","Influence of spatial delay on the modulational instability in a composite system with a controllable nonlinearity",2018,"Physical Review E","97","6", 062208,"","",,2,"10.1103/PhysRevE.97.062208","https://www.scopus.com/inward/record.uri?eid=2-s2.0-85048737928&doi=10.1103%2fPhysRevE.97.062208&partnerID=40&md5=15ff5634c78254452beea926914c8327",Article,"Final","All Open Access, Bronze",Scopus,2-s2.0-85048737928
"Nithyanandan, K., Shafeeque Ali, A.K., Porsezian, K., Nishad, M.P.M., Tchofo Dinda, P., Grelu, P.","36246432800;56401131700;35561975500;57200690052;6604078297;6602757933;","Multistability and switching in oppositely-directed saturated coupler",2018,"Optics Communications","416",,,"145","151",,3,"10.1016/j.optcom.2018.01.055","https://www.scopus.com/inward/record.uri?eid=2-s2.0-85042193938&doi=10.1016%2fj.optcom.2018.01.055&partnerID=40&md5=8072a4ba62da0502aea53d14e3eb5744",Article,"Final","",Scopus,2-s2.0-85042193938
"Kumar, M., Porsezian, K., Nithyanandan, K.","57195633542;35561975500;36246432800;","Dispersion relations and band gaps in wave number or frequency in the linear and nonlinear regimes for a coupled system with no paraxial approximation",2018,"AIP Conference Proceedings","1942",, 110053,"","",,,"10.1063/1.5029036","https://www.scopus.com/inward/record.uri?eid=2-s2.0-85045767671&doi=10.1063%2f1.5029036&partnerID=40&md5=30f66db36c6acd2d50fd9b439e02ade2",Conference Paper,"Final","",Scopus,2-s2.0-85045767671
"Musammil, N.M., Subha, P.A., Nithyanandan, K.","55813729600;15846997000;36246432800;","Black and gray soliton interactions and cascade compression in the variable coefficient nonlinear Schrödinger equation",2018,"Optik","159",,,"176","188",,3,"10.1016/j.ijleo.2018.01.082","https://www.scopus.com/inward/record.uri?eid=2-s2.0-85041405806&doi=10.1016%2fj.ijleo.2018.01.082&partnerID=40&md5=38605f10174038c2adc5edafa52e437f",Article,"Final","",Scopus,2-s2.0-85041405806
"Bhuvaneswari, S., Nithyanandan, K., Muruganandam, P.","57217139806;36246432800;6603283212;","Spotlighting phase separation in Rashba spin-orbit coupled Bose-Einstein condensates in two dimensions",2018,"Journal of Physics Communications","2","2", 025008,"","",,3,"10.1088/2399-6528/aaa85e","https://www.scopus.com/inward/record.uri?eid=2-s2.0-85079281146&doi=10.1088%2f2399-6528%2faaa85e&partnerID=40&md5=9f768ce59dfe1e59154d6b567113ab85",Article,"Final","All Open Access, Gold",Scopus,2-s2.0-85079281146
"Nithyanandan, K.","36246432800;","Multistability in directional coupler with negative index material channel",2018,"Optics InfoBase Conference Papers","Part F125-JSAP 2018",,,"","",,,,"https://www.scopus.com/inward/record.uri?eid=2-s2.0-85065892673&partnerID=40&md5=568b527d761b944c06c9c6329c9911bb",Conference Paper,"Final","",Scopus,2-s2.0-85065892673
"Nithyanandan, K., Ali, A.K.S., Dinda, P.T., Grelu, P.","36246432800;57213370286;7006032810;6602757933;","Bistability in oppositely directed coupler with negative index material channel",2018,"Optics InfoBase Conference Papers","Part F98-BGPPM 2018",,,"","",2,,"10.1364/BGPPM.2018.JTu5A.59","https://www.scopus.com/inward/record.uri?eid=2-s2.0-85051271374&doi=10.1364%2fBGPPM.2018.JTu5A.59&partnerID=40&md5=b39e88860458e47ea83aadd1d362d892",Conference Paper,"Final","",Scopus,2-s2.0-85051271374
"Igbonacho, J., Nithyanandan, K., Krupa, K., Tchofo Dinda, P., Grelu, P.","57202317976;36246432800;23467266100;6604078297;6602757933;","Vibrations and oscillations of tri-soliton molecules in a mode-locked fiber laser",2018,"Optics InfoBase Conference Papers","Part F108-NP 2018",,,"","",2,,"10.1364/NP.2018.NpW2C.5","https://www.scopus.com/inward/record.uri?eid=2-s2.0-85051280743&doi=10.1364%2fNP.2018.NpW2C.5&partnerID=40&md5=e378aa9ce682fe721c6bf7561b7b635f",Conference Paper,"Final","",Scopus,2-s2.0-85051280743
"Nithyanandan, K., Djevarhidjian, L., Duran Bosch, V., Schnébelin, C., Kassi, S., Méjean, G., Romanini, D., Guillet De Chatellus, H.","36246432800;57202733578;57202736572;56347323200;6602332937;6602982434;7004166308;6603429961;","Optimization of acousto-optic frequency combs for multi-heterodyne spectroscopy",2018,"Optics InfoBase Conference Papers","Part F115-LS 2018",,,"","",,,"10.1364/LS.2018.LTh1F.3","https://www.scopus.com/inward/record.uri?eid=2-s2.0-85059469953&doi=10.1364%2fLS.2018.LTh1F.3&partnerID=40&md5=92d4ac8ada6ac69fbe9b4e3e9f64d665",Conference Paper,"Final","",Scopus,2-s2.0-85059469953
"Duran Bosch, V., Djevarhidjian, L., Schne´belin, C., Nithyanandan, K., Kassi, S., Me´jean, G., Romanini, D., Guillet de Chatellus, H.","57202736572;57202733578;56347323200;36246432800;6602332937;6602982434;7004166308;6603429961;","Self-heterodyne and dual-comb spectroscopy using acoustooptic frequency combs",2018,"Optics InfoBase Conference Papers","Part F92-CLEO_AT 2018",,,"","",2,,"10.1364/CLEO_AT.2018.ATh3O.4","https://www.scopus.com/inward/record.uri?eid=2-s2.0-85049152724&doi=10.1364%2fCLEO_AT.2018.ATh3O.4&partnerID=40&md5=3e9de44a072bbf24703c62f8c8a48071",Conference Paper,"Final","",Scopus,2-s2.0-85049152724
"Krupa, K., Nithyanandan, K., Grelu, P.","23467266100;36246432800;6602757933;","Vector dynamics of incoherent dissipative optical solitons",2017,"Optica","4","10", 302181,"1239","1244",,48,"10.1364/OPTICA.4.001239","https://www.scopus.com/inward/record.uri?eid=2-s2.0-85032810605&doi=10.1364%2fOPTICA.4.001239&partnerID=40&md5=03687eac504cc977fe2f004e1d8cc1a4",Article,"Final","All Open Access, Gold",Scopus,2-s2.0-85032810605
"Musammil, N.M., Porsezian, K., Nithyanandan, K., Subha, P.A., Tchofo Dinda, P.","55813729600;35561975500;36246432800;15846997000;6604078297;","Ultrashort dark solitons interactions and nonlinear tunneling in the modified nonlinear Schrödinger equation with variable coefficient",2017,"Optical Fiber Technology","37",,,"11","20",,7,"10.1016/j.yofte.2017.06.006","https://www.scopus.com/inward/record.uri?eid=2-s2.0-85021171224&doi=10.1016%2fj.yofte.2017.06.006&partnerID=40&md5=99312e4cc0656d3ffde54e8b615afb14",Article,"Final","",Scopus,2-s2.0-85021171224
"Krupa, K., Nithyanandan, K., Andral, U., Tchofo-Dinda, P., Grelu, P.","23467266100;36246432800;56826146800;6604078297;6602757933;","Real-Time Observation of Internal Motion within Ultrafast Dissipative Optical Soliton Molecules",2017,"Physical Review Letters","118","24", 243901,"","",,158,"10.1103/PhysRevLett.118.243901","https://www.scopus.com/inward/record.uri?eid=2-s2.0-85020548295&doi=10.1103%2fPhysRevLett.118.243901&partnerID=40&md5=9fa917dce3363ac2aa7e2ce693c63c1d",Article,"Final","All Open Access, Green",Scopus,2-s2.0-85020548295
"Musammil, N.M., Porsezian, K., Subha, P.A., Nithyanandan, K.","55813729600;35561975500;15846997000;36246432800;","Dynamics of vector dark solitons propagation and tunneling effect in the variable coefficient coupled nonlinear schrödinger equation",2017,"Chaos","27","2", 023113,"","",,6,"10.1063/1.4976514","https://www.scopus.com/inward/record.uri?eid=2-s2.0-85013877667&doi=10.1063%2f1.4976514&partnerID=40&md5=997833bd33e5dfcd55f0cf9f131a0bb4",Article,"Final","",Scopus,2-s2.0-85013877667
"Nithyanandan, K.","36246432800;","Observation of optical bistability in oppositely directed coupler",2017,"Optics InfoBase Conference Papers","Part F78-JSAP 2017",,,"","",1,,,"https://www.scopus.com/inward/record.uri?eid=2-s2.0-85039557372&partnerID=40&md5=228991220de8ec4fee04f132d01a5924",Conference Paper,"Final","",Scopus,2-s2.0-85039557372
"Nithyanandan, K.","36246432800;","Optical bistability in dual core directional coupler with negative index material channel",2017,"Optics InfoBase Conference Papers","Part F66-FiO 2017",,,"","",2,,"10.1364/FIO.2017.JW4A.123","https://www.scopus.com/inward/record.uri?eid=2-s2.0-85035136389&doi=10.1364%2fFIO.2017.JW4A.123&partnerID=40&md5=3b099baf5fb23d349667988d2ae7cfea",Conference Paper,"Final","",Scopus,2-s2.0-85035136389
"Porsezian, K., Ali, A.K.S., Nithyanandan, K.","35561975500;56401131700;36246432800;","A theoretical study on threshold conditions of modulation instability in oppositely directed couplers",2016,"Journal of Optics (United Kingdom)","18","12", 125502,"","",,4,"10.1088/2040-8978/18/12/125502","https://www.scopus.com/inward/record.uri?eid=2-s2.0-85009982967&doi=10.1088%2f2040-8978%2f18%2f12%2f125502&partnerID=40&md5=9e42b593166f9cc0f02815710a41a477",Article,"Final","",Scopus,2-s2.0-85009982967
"Shafeeque Ali, A.K., Nithyanandan, K., Porsezian, K., Dinda, P.T.","56401131700;36246432800;35561975500;7006032810;","Optical Bistability and Switching in Oppositely Directed Coupler",2016,"IEEE Journal of Quantum Electronics","52","12", 7587375,"","",,3,"10.1109/JQE.2016.2616130","https://www.scopus.com/inward/record.uri?eid=2-s2.0-84994824096&doi=10.1109%2fJQE.2016.2616130&partnerID=40&md5=9c55923b46e58ed189ee346f37f9e9ab",Article,"Final","",Scopus,2-s2.0-84994824096
"Bhuvaneswari, S., Nithyanandan, K., Muruganandam, P., Porsezian, K.","57217139806;36246432800;6603283212;35561975500;","Modulation instability in quasi-two-dimensional spin-orbit coupled Bose-Einstein condensates",2016,"Journal of Physics B: Atomic, Molecular and Optical Physics","49","24", 245301,"","",,11,"10.1088/0953-4075/49/24/245301","https://www.scopus.com/inward/record.uri?eid=2-s2.0-85003454655&doi=10.1088%2f0953-4075%2f49%2f24%2f245301&partnerID=40&md5=ec23fcd0f631917d118f818fc01e3c44",Article,"Final","All Open Access, Green",Scopus,2-s2.0-85003454655
"Nithyanandan, K., Porsezian, K.","36246432800;35561975500;","A novel power play in the supercontinuum generation induced by modulational instability in saturable nonlinear media",2016,"Optics InfoBase Conference Papers",,,,"","",3,,"10.1364/sof.2016.sow3g.6","https://www.scopus.com/inward/record.uri?eid=2-s2.0-85088409509&doi=10.1364%2fsof.2016.sow3g.6&partnerID=40&md5=27b495be62cad7c953f1c38559dce9cb",Conference Paper,"Final","",Scopus,2-s2.0-85088409509
"Shafeeque Ali, A.K., Nithyanandan, K., Porsezian, K., Maimistov, A.I.","56401131700;36246432800;35561975500;7004367032;","Influence of birefringence in the instability spectra of oppositely directed coupler with negative index material channel",2016,"Physical Review A","93","2", 023848,"","",,11,"10.1103/PhysRevA.93.023848","https://www.scopus.com/inward/record.uri?eid=2-s2.0-84959471966&doi=10.1103%2fPhysRevA.93.023848&partnerID=40&md5=69ddfd0d36e35bcbb8592386700434e6",Article,"Final","",Scopus,2-s2.0-84959471966
"Shafeeque Ali, A.K., Nithyanandan, K., Porsezian, K., Maimistov, A.I.","56401131700;36246432800;35561975500;7004367032;","Modulation instability in a triangular three-core coupler with a negative-index material channel",2016,"Journal of Optics (United Kingdom)","18","3", 035102,"","",,7,"10.1088/2040-8978/18/3/035102","https://www.scopus.com/inward/record.uri?eid=2-s2.0-84961905708&doi=10.1088%2f2040-8978%2f18%2f3%2f035102&partnerID=40&md5=906eab564a9c8713bc1670d539c1ae75",Article,"Final","",Scopus,2-s2.0-84961905708
"Nithyanandan, K., Porsezian, K.","36246432800;35561975500;","Co-propagation of two optical fields in a semiconductor doped dispersion decreasing fiber and modulational instability induced by cross-phase modulation",2016,"Laser Physics","26","1", 015401,"","",,4,"10.1088/1054-660X/26/1/015401","https://www.scopus.com/inward/record.uri?eid=2-s2.0-84952334105&doi=10.1088%2f1054-660X%2f26%2f1%2f015401&partnerID=40&md5=cc3eba63becf82f010c0472d22663ddb",Article,"Final","",Scopus,2-s2.0-84952334105
"Nithyanandan, K., Porsezian, K.","36246432800;35561975500;","Influence of the functional form of nonlinearity in the Modulational Instability spectra of relaxing saturable nonlinear system",2015,"Journal of Physics: Conference Series","605","1", 012032,"","",,1,"10.1088/1742-6596/605/1/012032","https://www.scopus.com/inward/record.uri?eid=2-s2.0-84929494328&doi=10.1088%2f1742-6596%2f605%2f1%2f012032&partnerID=40&md5=ddb1e77ae5315ca7c60ace2a7a228261",Conference Paper,"Final","All Open Access, Gold",Scopus,2-s2.0-84929494328
"Nithyanandan, K., Porsezian, K.","36246432800;35561975500;","A novel behavior of pump power in the instability induced supercontinuum generation of saturable nonlinear media",2015,"Journal of Physics: Conference Series","605","1", 012031,"","",,,"10.1088/1742-6596/605/1/012031","https://www.scopus.com/inward/record.uri?eid=2-s2.0-84929492893&doi=10.1088%2f1742-6596%2f605%2f1%2f012031&partnerID=40&md5=6d370feb9f47e295f9c1d548ce5ee2d6",Conference Paper,"Final","All Open Access, Bronze",Scopus,2-s2.0-84929492893
"Shafeeque Ali, A.K., Nithyanandan, K., Porsezian, K.","56401131700;36246432800;35561975500;","Theoretical investigation of modulation instability in a three-core coupler with negative index material channel",2015,"Physics Letters, Section A: General, Atomic and Solid State Physics","379","3",,"223","229",,14,"10.1016/j.physleta.2014.11.023","https://www.scopus.com/inward/record.uri?eid=2-s2.0-84913593337&doi=10.1016%2fj.physleta.2014.11.023&partnerID=40&md5=fe2ce161ab6e77237d8c6b9d124ebb26",Article,"Final","",Scopus,2-s2.0-84913593337
"Nithyanandan, K., Porsezian, K.","36246432800;35561975500;","A unique observation of power play in the instability induced supercontinuum generation in saturable nonlinear media",2015,"Proceedings of Frontiers in Optics 2015, FIO 2015",,,,"","",,,"10.1364/fio.2015.jw2a.51","https://www.scopus.com/inward/record.uri?eid=2-s2.0-85086950890&doi=10.1364%2ffio.2015.jw2a.51&partnerID=40&md5=d2c519b680d39620ac1372c52246ad6e",Conference Paper,"Final","",Scopus,2-s2.0-85086950890
"Nithyanandan, K., Porsezian, K.","36246432800;35561975500;","A Theoretical Observation of Novel Power Play in the Supercontinuum Spectra of Exponential Saturable Nonlinear Media",2015,"Nonlinear Optics, NLO 2015",,, NW4A.1,"","",,,"10.1364/NLO.2015.NW4A.1","https://www.scopus.com/inward/record.uri?eid=2-s2.0-84945904757&doi=10.1364%2fNLO.2015.NW4A.1&partnerID=40&md5=8a85c9b06fbe0937aa841e2473539385",Conference Paper,"Final","",Scopus,2-s2.0-84945904757
"Nithyanandan, K., Porsezian, K.","36246432800;35561975500;","A novel power play in the supercontinuum generation induced by modulational instability in saturable nonlinear media",2014,"Frontiers in Optics, FiO 2014",,,,"","",,,"10.1364/fio.2014.fw4d.7","https://www.scopus.com/inward/record.uri?eid=2-s2.0-85088769145&doi=10.1364%2ffio.2014.fw4d.7&partnerID=40&md5=962f9afcee52e6ebc2e81c5d907cc560",Conference Paper,"Final","",Scopus,2-s2.0-85088769145
"Nithyanandan, K., Uthayakumar, T., Porsezian, K., Raja, R.V.J.","36246432800;35362713600;35561975500;25637567000;","Observation of two state behavior in the Instability induced Supercontinuum Generation of exponential saturable nonlinearity",2014,"WRAP 2013 - Workshop on Recent Advances in Photonics",,, 6917695,"","",,,"10.1109/WRAP.2013.6917695","https://www.scopus.com/inward/record.uri?eid=2-s2.0-84910045314&doi=10.1109%2fWRAP.2013.6917695&partnerID=40&md5=005b3291da8cbb5a41e9482a5fd94cc9",Conference Paper,"Final","",Scopus,2-s2.0-84910045314
"Raja, R.V.J., Nithyanandan, K., Uthayakumar, T., Porsezian, K.","25637567000;36246432800;35362713600;35561975500;","Supercontinuum generation in the novel semiconductor doped dispersion decreasing fiber",2014,"WRAP 2013 - Workshop on Recent Advances in Photonics",,, 6917696,"","",,,"10.1109/WRAP.2013.6917696","https://www.scopus.com/inward/record.uri?eid=2-s2.0-84910025500&doi=10.1109%2fWRAP.2013.6917696&partnerID=40&md5=10f591595128fa6e1e61f779c334a357",Conference Paper,"Final","",Scopus,2-s2.0-84910025500
"Nithyanandan, K., Porsezian, K.","36246432800;35561975500;","A study on super continuum generation in exponential type saturable nonlinearity",2014,"JSAP-OSA Joint Symposia, JSAP 2014",,,,"","",,,"10.1364/jsap.2014.17p_c4_9","https://www.scopus.com/inward/record.uri?eid=2-s2.0-85088770281&doi=10.1364%2fjsap.2014.17p_c4_9&partnerID=40&md5=519046ad3e499b552bd80dddb5930214",Conference Paper,"Final","All Open Access, Green",Scopus,2-s2.0-85088770281
"Nithyanandan, K., Porsezian, K.","36246432800;35561975500;","A theoretical investigation on modulational instability in non-instantaneous saturable nonlinear media",2014,"JSAP-OSA Joint Symposia, JSAP 2014",,,,"","",,,"10.1364/jsap.2014.17p_c4_8","https://www.scopus.com/inward/record.uri?eid=2-s2.0-85085406338&doi=10.1364%2fjsap.2014.17p_c4_8&partnerID=40&md5=c1dfc1eed17bac627b2aeec9cd917240",Conference Paper,"Final","All Open Access, Green",Scopus,2-s2.0-85085406338
"Nithyanandan, K., Ali, A.K.S., Porsezian, K.","36246432800;57213370286;35561975500;","Modulational instability in the semiconductor doped dispersion decreasing fiber - A prospect for ultrashort pulse generation",2014,"Proceedings 12th International Conference on Fiber Optics and Photonics, Photonics 2014",,,,"","",,,,"https://www.scopus.com/inward/record.uri?eid=2-s2.0-84983158423&partnerID=40&md5=cd9b23b2a22e5b8d228d5b39cbac16ce",Conference Paper,"Final","",Scopus,2-s2.0-84983158423
"Nithyanandan, K., Shafeeque Ali, A.K., Porsezian, K.","36246432800;56401131700;35561975500;","Modulational instability in the semiconductor doped dispersion decreasing fiber - a prospect for ultrashort pulse generation",2014,"International Conference on Fibre Optics and Photonics, 2014",,,,"","",,,,"https://www.scopus.com/inward/record.uri?eid=2-s2.0-84929011644&partnerID=40&md5=b3bed3749ec7da8e72868705402bac6e",Conference Paper,"Final","",Scopus,2-s2.0-84929011644
"Nithyanandan, K., Vasantha Jayakantha Raja, R., Porsezian, K.","36246432800;25637567000;35561975500;","Power play in the supercontinuum spectra of saturable nonlinear media",2014,"Laser Physics","24","4", 045405,"","",,5,"10.1088/1054-660X/24/4/045405","https://www.scopus.com/inward/record.uri?eid=2-s2.0-84898949137&doi=10.1088%2f1054-660X%2f24%2f4%2f045405&partnerID=40&md5=d420e4cda7d189ccc19bfdbf9a87da6c",Article,"Final","",Scopus,2-s2.0-84898949137
"Nithyanandan, K., Raja, R.V.J., Uthayakumar, T., Porsezian, K.","36246432800;25637567000;35362713600;35561975500;","Impact of higher-order dispersion in the modulational instability spectrum of a relaxing coupled saturable media",2014,"Pramana - Journal of Physics","82","2",,"339","345",,3,"10.1007/s12043-014-0687-8","https://www.scopus.com/inward/record.uri?eid=2-s2.0-84896260625&doi=10.1007%2fs12043-014-0687-8&partnerID=40&md5=59f4b87600eaf5c367eb0d0195c7c313",Conference Paper,"Final","",Scopus,2-s2.0-84896260625
"Uthayakumar, T., Raja, V.J.R., Nithyanandan, K., Porsezian, K.","35362713600;25637567000;36246432800;35561975500;","Investigation of all optical pulse steering through a highly nonlinear chalcogenide twin core photonic crystal fiber",2013,"2013 International Conference on Microwave and Photonics, ICMAP 2013",,, 6733549,"","",,2,"10.1109/ICMAP.2013.6733549","https://www.scopus.com/inward/record.uri?eid=2-s2.0-84897772765&doi=10.1109%2fICMAP.2013.6733549&partnerID=40&md5=130b5ccee6dcebf653a443e761a91677",Conference Paper,"Final","",Scopus,2-s2.0-84897772765
"Nithyanandan, K., Porsezian, K.","36246432800;35561975500;","Observation of two state behavior in the instability spectra of saturable nonlinear media",2013,"European Physical Journal: Special Topics","222","3-4",,"821","825",,6,"10.1140/epjst/e2013-01885-0","https://www.scopus.com/inward/record.uri?eid=2-s2.0-84880128551&doi=10.1140%2fepjst%2fe2013-01885-0&partnerID=40&md5=142acfb04edfe37b20fec9ac41e2df0d",Article,"Final","",Scopus,2-s2.0-84880128551
"Porsezian, K., Nithyanandan, K., Vasantha Jayakantha Raja, R., Ganapathy, R.","35561975500;36246432800;25637567000;10041053700;","A theoretical investigation of soliton induced supercontinuum generation in liquid core photonic crystal fiber and dual core optical fiber",2013,"European Physical Journal: Special Topics","222","3-4",,"625","640",,1,"10.1140/epjst/e2013-01868-1","https://www.scopus.com/inward/record.uri?eid=2-s2.0-84880100230&doi=10.1140%2fepjst%2fe2013-01868-1&partnerID=40&md5=17b82f52621016a1652f6ec6877978fa",Article,"Final","",Scopus,2-s2.0-84880100230
"Nithyanandan, K., Raja, V.J., Uthayakumar, T., Porsezian, K.","36246432800;25637567000;35362713600;35561975500;","Impact of material absorption on supercontinuum generation in liquid core photonic crystal fiber",2013,"AIP Conference Proceedings","1536",,,"713","714",,,"10.1063/1.4810426","https://www.scopus.com/inward/record.uri?eid=2-s2.0-84880104142&doi=10.1063%2f1.4810426&partnerID=40&md5=238c07a40e7513149276b6c6a95cab88",Conference Paper,"Final","",Scopus,2-s2.0-84880104142
"Uthayakumar, T., Raja, R.V.J., Nithyanandan, K., Porsezian, K.","35362713600;25637567000;36246432800;35561975500;","All optical and and NAND logic gates based on a triple core photonic crystal fiber",2013,"AIP Conference Proceedings","1536",,,"715","716",,,"10.1063/1.4810427","https://www.scopus.com/inward/record.uri?eid=2-s2.0-84880093628&doi=10.1063%2f1.4810427&partnerID=40&md5=2bceae813be3921d28fe0551f5ca21c1",Conference Paper,"Final","",Scopus,2-s2.0-84880093628
"Nithyanandan, K., Porsezian, K.","36246432800;35561975500;","Interplay between relaxation of nonlinear response and coupling coefficient dispersion in the instability spectra of dual core optical fiber",2013,"Optics Communications","303",,,"46","55",,15,"10.1016/j.optcom.2013.04.018","https://www.scopus.com/inward/record.uri?eid=2-s2.0-84877770752&doi=10.1016%2fj.optcom.2013.04.018&partnerID=40&md5=bc6a10ba54d7893289ed8e0c36ea3384",Article,"Final","",Scopus,2-s2.0-84877770752
"Nithyanandan, K., Raja, R.V.J., Porsezian, K.","36246432800;25637567000;35561975500;","Modulational instability in a twin-core fiber with the effect of saturable nonlinear response and coupling coefficient dispersion",2013,"Physical Review A - Atomic, Molecular, and Optical Physics","87","4", 043805,"","",,25,"10.1103/PhysRevA.87.043805","https://www.scopus.com/inward/record.uri?eid=2-s2.0-84876158917&doi=10.1103%2fPhysRevA.87.043805&partnerID=40&md5=8b2f325425009b4d356ff30d6c8ec626",Article,"Final","",Scopus,2-s2.0-84876158917
"Nithyanandan, K., Raja, R.V.J., Porsezian, K.","36246432800;25637567000;35561975500;","Theoretical investigation of modulational instability in semiconductor doped dispersion decreasing fiber and its cutting edge over the existing fiber systems",2013,"Journal of the Optical Society of America B: Optical Physics","30","1",,"178","187",,16,"10.1364/JOSAB.30.000178","https://www.scopus.com/inward/record.uri?eid=2-s2.0-84871798117&doi=10.1364%2fJOSAB.30.000178&partnerID=40&md5=8d0fecaee7294771c5be5bd7f84e3789",Article,"Final","",Scopus,2-s2.0-84871798117
"Uthayakumar, T., Vasantha Jayakantha Raja, R., Nithyanandan, K., Porsezian, K.","35362713600;25637567000;36246432800;35561975500;","Designing a class of asymmetric twin core photonic crystal fibers for switching and multi-frequency generation",2013,"Optical Fiber Technology","19","6 PART A",,"556","564",,11,"10.1016/j.yofte.2013.08.010","https://www.scopus.com/inward/record.uri?eid=2-s2.0-84888350411&doi=10.1016%2fj.yofte.2013.08.010&partnerID=40&md5=8bc6e97a439052b6ba429f6f8dba5c17",Article,"Final","",Scopus,2-s2.0-84888350411
"Nithyanandan, K., Vasantha Jayakantha Raja, R., Porsezian, K., Uthayakumar, T.","36246432800;25637567000;35561975500;35362713600;","A colloquium on the influence of versatile class of saturable nonlinear responses in the instability induced supercontinuum generation",2013,"Optical Fiber Technology","19","4",,"348","358",,17,"10.1016/j.yofte.2013.04.002","https://www.scopus.com/inward/record.uri?eid=2-s2.0-84878263750&doi=10.1016%2fj.yofte.2013.04.002&partnerID=40&md5=5b00e41c5f82d325b748dd122e24d80e",Article,"Final","",Scopus,2-s2.0-84878263750
"Raja, R.V.J., Nithyanandan, K., Uthayakumar, T., Porsezian, K.","25637567000;36246432800;35362713600;35561975500;","Influence of material absorption on supercontinuum generation in photonic crystal fibers",2012,"2012 International Conference on Fiber Optics and Photonics, PHOTONICS 2012",,, 6545816,"","",,1,,"https://www.scopus.com/inward/record.uri?eid=2-s2.0-84881157407&partnerID=40&md5=0498f23872d0d9e81f600b3b537a8f18",Conference Paper,"Final","",Scopus,2-s2.0-84881157407
"Nithyanandan, K., Raja, R.V.J., Uthayakumar, T., Porsezian, K.","36246432800;25637567000;35362713600;35561975500;","A unique behavior of pump power in the modulational instability spectra of saturable nonlinear media",2012,"2012 International Conference on Fiber Optics and Photonics, PHOTONICS 2012",,, 6545838,"","",,,,"https://www.scopus.com/inward/record.uri?eid=2-s2.0-84881131530&partnerID=40&md5=32d5ac344afaa4ee67e0617a261cf847",Conference Paper,"Final","",Scopus,2-s2.0-84881131530
"Nithyanandan, K., Raja, R.V.J., Uthayakumar, T., Porsezian, K.","36246432800;25637567000;35362713600;35561975500;","Impact of dispersion profile on modulational instability in dispersion decreasing fiber",2012,"2012 International Conference on Fiber Optics and Photonics, PHOTONICS 2012",,, 6545805,"","",,,,"https://www.scopus.com/inward/record.uri?eid=2-s2.0-84881124300&partnerID=40&md5=4b94d148eeb9b418e0e352e884a9e60e",Conference Paper,"Final","",Scopus,2-s2.0-84881124300
"Nithyanandan, K., Raja, R.V.J., Uthayakumar, T., Porsezian, K.","36246432800;25637567000;35362713600;35561975500;","Interplay between saturation and relaxation of nonlinear response in the modulational instability of various nonlinear media",2012,"2012 International Conference on Optical Engineering, ICOE 2012",,, 6409578,"","",,1,"10.1109/ICOE.2012.6409578","https://www.scopus.com/inward/record.uri?eid=2-s2.0-84873972339&doi=10.1109%2fICOE.2012.6409578&partnerID=40&md5=63680576a57218bf4e071e552e5a5465",Conference Paper,"Final","",Scopus,2-s2.0-84873972339
"Uthayakumar, T., Raja, R.V.J., Nithyanandan, K., Porsezian, K.","35362713600;25637567000;36246432800;35561975500;","Investigation of optical pulse coupling through the nitrobenzene filled photonic crystal fiber coupler-A projection operator approach",2012,"2012 International Conference on Optical Engineering, ICOE 2012",,, 6409580,"","",,,"10.1109/ICOE.2012.6409580","https://www.scopus.com/inward/record.uri?eid=2-s2.0-84873957571&doi=10.1109%2fICOE.2012.6409580&partnerID=40&md5=e00a5d52447bf8201cf6b94dbb9cd182",Conference Paper,"Final","",Scopus,2-s2.0-84873957571
"Porsezian, K., Nithyanandan, K., Vasantha Jayakantha Raja, R., Shukla, P.K.","35561975500;36246432800;25637567000;36621402100;","Modulational instability at the proximity of zero dispersion wavelength in the relaxing saturable nonlinear system",2012,"Journal of the Optical Society of America B: Optical Physics","29","10",,"2803","2813",,17,"10.1364/JOSAB.29.002803","https://www.scopus.com/inward/record.uri?eid=2-s2.0-84867542196&doi=10.1364%2fJOSAB.29.002803&partnerID=40&md5=a106fbe8b67fb0cbee56f9077dc79aa6",Article,"Final","",Scopus,2-s2.0-84867542196
"Nithyanandan, K., Raja, R.V.J., Porsezian, K., Kalithasan, B.","36246432800;25637567000;35561975500;14035968000;","Modulational instability with higher-order dispersion and walk-off in Kerr media with cross-phase modulation",2012,"Physical Review A - Atomic, Molecular, and Optical Physics","86","2", 023827,"","",,26,"10.1103/PhysRevA.86.023827","https://www.scopus.com/inward/record.uri?eid=2-s2.0-84865214416&doi=10.1103%2fPhysRevA.86.023827&partnerID=40&md5=bad25c44308435e4b894a877d3824590",Article,"Final","",Scopus,2-s2.0-84865214416
"Raja, R.V.J., Porsezian, K., Nithyanandan, K.","25637567000;35561975500;36246432800;","Modulational-instability-induced supercontinuum generation with saturable nonlinear response",2010,"Physical Review A - Atomic, Molecular, and Optical Physics","82","1", 013825,"","",,51,"10.1103/PhysRevA.82.013825","https://www.scopus.com/inward/record.uri?eid=2-s2.0-77954946273&doi=10.1103%2fPhysRevA.82.013825&partnerID=40&md5=6f5bcf1db3d79fbe639a39b69eb0162d",Article,"Final","",Scopus,2-s2.0-77954946273
